{"camera":{"ren3d":[1,0,0,0,0,1,0,0,0,0,1,0,0,0,-200,1],"sliceX":[1,0,0,0,0,1,0,0,0,0,1,0,0,0,3.305555582046509,1],"sliceY":[1,0,0,0,0,1,0,0,0,0,1,0,0,0,3.472222328186035,1],"sliceZ":[1,0,0,0,0,1,0,0,0,0,1,0,0,0,3.472222328186035,1]},"volume":{"file":["fetal.nii.gz"],"indexX":45,"indexY":47.5,"indexZ":47.5,"lowerThreshold":38,"upperThreshold":500,"opacity":0.1,"windowLow":0,"windowHigh":500,"minColor":[0,0,0],"maxColor":[1,1,1],"volumeRendering":true,"transform":[1,0,0,0,0,1,0,0,0,0,1,0,0,0,0,1]},"labelmap":{"file":[]},"colortable":{"file":[]},"mesh":{"file":[]},"scalars":{"file":[]},"fibers":{"file":[]}}